tweet_id,tweet_text,class_label,predicted_label,confidence,entropy
735891446960623616,"RT @DonBradshawNTV: How @MarshallAmpsUK came to the assistance of Fort McMurray wildfire victim, tonite on @NTVNewsNL at 6 pm.",other_relevant_information,rescue_volunteering_or_donation_effort,0.9,
733665357236342784,Interesting insights on the shifting communications landscape from 2013 floods to todays #wildfire  #smem #cdnpoli,other_relevant_information,not_humanitarian,0.9,
731976125279289349,Active Fires - Ontario  #on411 #onfires #wildfire #manitoba411 #mbfires,caution_and_advice,not_humanitarian,0.9,
735938864251064320,"Sometimes when a person wants free food, he/she gets it, but from a different source.",other_relevant_information,not_humanitarian,0.9,
730171221862551553,Are we sure we dont need more help? #FortMacFire,rescue_volunteering_or_donation_effort,requests_or_urgent_needs,0.9,
732966897642295297,"RT @Blubdha: Beastly Alberta wildfire just wont die, as it grows to 423,000 hectares",caution_and_advice,infrastructure_and_utility_damage,0.85,
728627443406344192,Catastrophic Canadian Wildfire Is a Sign of Destruction to Come  #science,other_relevant_information,not_humanitarian,0.9,
729658483948302336,Great tale from @ReutersWinnipeg: #Canada firefighters battled blaze as own homes burned down,infrastructure_and_utility_damage,not_humanitarian,0.9,
729050159393312768,Or stay up to date on wildfires on the Alberta Emergency Alert and Alberta Wildfire apps #fortmacfire Notley,caution_and_advice,other_relevant_information,0.9,
732662103576875011,"Saskatchewan is dealing with the same weather system as Alberta, making for conditions that fan wildfire flames",other_relevant_information,caution_and_advice,0.85,
735892659504435200,"RT @Emily_Mertz: Fire Aid for #ymm concert includes: Corb Kund, Randy Bachman, Brett Kissel, Dean Brody WATCH LIVE:",rescue_volunteering_or_donation_effort,not_humanitarian,0.9,
730115410851463172,Henry Schein Disaster Relief Hotline Open to Support Customers Alberta - Oral Health Group  via @Oralhealthgroup,rescue_volunteering_or_donation_effort,other_relevant_information,0.9,
730824010506768385,Beresford Lake Campground in Nopiming will remain closed due to the active wildfire #mbfire,other_relevant_information,infrastructure_and_utility_damage,0.9,
733975887302037505,"RT @PAAlberta: Fort McMurray Wildfire Victims Might Suffer PTSD, Psychologist Says  via @epochtimes",other_relevant_information,sympathy_and_support,0.9,
729839195921993730,I wonder if @normmacdonald would care to donate to Norm MacDonald?,rescue_volunteering_or_donation_effort,not_humanitarian,0.9,
728615170155614210,How Canadas Federal government is lending support &amp; assistance to the wildfire disaster that is STILL unfolding,rescue_volunteering_or_donation_effort,other_relevant_information,0.9,
729985764860141569,"At this point, having 85% of city intact is a good thing! Fort McMurray wildfires #cdnpoli #nbpoli #abpoli",other_relevant_information,infrastructure_and_utility_damage,0.85,
729874157928906752,Fort McMurray wildfire: How the fires are impacting the oil industry | Watch News Videos Online,other_relevant_information,not_humanitarian,0.9,
728739693865537536,RT @bevrobertson3: Trudeau urges Canadians to keep giving to Red Cross as wildfire burns  via @1310News VOTE &amp; RT P,other_relevant_information,rescue_volunteering_or_donation_effort,0.9,
730789648142716930,"RT @meluvtweet: Canadian oil workers prepare for air commutes after wildfire: EDMONTON, Alberta/NEW YORK, May 12 (Reuters) -  .",rescue_volunteering_or_donation_effort,not_humanitarian,0.9,
730426691172982784,Updated Wildfire support resources for Families #FamilyPresence @AHS_behealthy @AHS_HPHC @ahs_hacs Thx to CES +FCRC,rescue_volunteering_or_donation_effort,other_relevant_information,0.9,
728694561518854144,RT @southerngazette: St. Gabriel’s Hall planning fundraiser for victims of Alberta wildfire: Local performers are lending their vo,other_relevant_information,rescue_volunteering_or_donation_effort,0.9,
729338525598945280,IAFFs Rick Swan gives the lowdown on the challenges of Wildland fires. The Globe and Mail,other_relevant_information,not_humanitarian,0.9,
730492634125500417,Fort McMurray wildfire evacuees line up for emergency funds in droves,rescue_volunteering_or_donation_effort,displaced_people_and_evacuations,0.95,
729273280637579264,Storify of early social media organization around Fort McMurray fires.  by @iamgtsmith @katekaminska1 @VLSimona,other_relevant_information,not_humanitarian,0.9,
732026102655246336,State of Local Emergency Declared in the BC Peace @fortstjohn #BCWildfire,caution_and_advice,other_relevant_information,0.9,
728592492782882816,Our thoughts are with everyone affected by the wildfire in Fort McMurrary. How to Help:,other_relevant_information,sympathy_and_support,0.9,
730610988005756928,Outpouring of support for wildfire victims has other charities struggling  @RLadhaniCTV #yyc,rescue_volunteering_or_donation_effort,sympathy_and_support,0.9,
729059089347534848,"RT @CNNWorld: Massive wildfire could double in size, Canadian official says: Weather conditions through the weekend were no",other_relevant_information,caution_and_advice,0.9,
728811967578710016,Boys reunite with parents after being separated during wildfire evacuation,displaced_people_and_evacuations,missing_or_found_people,0.95,
728612849455607808,RT @CBCNews: Manitoba too busy fighting its own wildfires to send resources to Alberta,not_humanitarian,infrastructure_and_utility_damage,0.8,
732253191270588416,RT @AHS_NorthZone: Weve updated our FAQ. #AHSstaff affected by the Fort McMurray Wildfires can find answers here:,caution_and_advice,other_relevant_information,0.9,
730134256039677954,Firefighters distracted with homes ⚡️ Fort McMurray-area wildfire grows as two fires combine,other_relevant_information,infrastructure_and_utility_damage,0.85,
733348835393740800,"@flyPAL Hello Vancouver Office you havent answered our emails and phone calls, are you not even lifting a finger for YMM wildfire victims?",not_humanitarian,requests_or_urgent_needs,0.9,
728641998660505601,"In support for residents of Fort McMurray The devastating wildfire in Fort McMurray, Alberta has affected many",other_relevant_information,sympathy_and_support,0.9,
729704420649230337,RT @ScottTalking: Mon ST Show! @AM900CHML- Premier will tour Fort McMurray to survey damage. How will residence cope?,not_humanitarian,infrastructure_and_utility_damage,0.9,
735475235458142208,1) Latest news News: Temporary homes just a click away for wildfire ev,other_relevant_information,displaced_people_and_evacuations,0.9,
728796272967098370,RT @Spearmac: There have been 374 Wild Fires already in 2016. The 5 year average is 173.  Take extra care everyone !,other_relevant_information,caution_and_advice,0.9,
728693028215365632,Labatts provides water to Fort McMurray #CorporateCitizen  #CSR trend,rescue_volunteering_or_donation_effort,not_humanitarian,0.9,
728957421113233408,#America Lend a hand in #Canadian efforts to put these wild fires out,other_relevant_information,rescue_volunteering_or_donation_effort,0.9,
732106617592782849,Anchorage wildfire linked to homeless camp as fire danger reaches new levels across city.,other_relevant_information,infrastructure_and_utility_damage,0.85,
735882597004390400,Alberta wildfire to derail national economic growth  The month-long wildfires that have ravaged the northern Albert,other_relevant_information,infrastructure_and_utility_damage,0.9,
729703301634097153,Wildfire insurance claims and what you need to know! (please note that these tips can apply in any type of claim),other_relevant_information,caution_and_advice,0.9,
728789625460809728,RT @ctvedmonton: LIVE NOW: Red Cross and Ralph Goodale speak about wildfire:  #ymm #ymmfire #yeg,rescue_volunteering_or_donation_effort,other_relevant_information,0.9,
728627298669240320,RT @JestDempsey: When fires are this big they begin to create Eco systems of their own,other_relevant_information,not_humanitarian,0.9,
729051803992489984,RT @rtenews: Irishman involved in efforts to fight wildfire in Canada describes the scene as one of utter devastation #FortMac .,infrastructure_and_utility_damage,rescue_volunteering_or_donation_effort,0.9,
731301082383667200,@MrDrewScott my family lost our home in the Alberta Fort McMurray wildfire :(. Please come help me with designing our new home!,infrastructure_and_utility_damage,displaced_people_and_evacuations,0.9,
728983284252876800,RT @djspratt: Fort #McMurray Canadian wildfire has grown to within a few kilometers of tar sands production areas.,other_relevant_information,infrastructure_and_utility_damage,0.85,
730448381667987456,Red Cross on the Fort McMurray Wildfire  #YMM #YMMfire,rescue_volunteering_or_donation_effort,other_relevant_information,0.9,
734986101824196609,Comprehensive re-entry booklet for #ymm residents. No detail overlooked.,not_humanitarian,other_relevant_information,0.9,
729916822334537728,RT @Bewickwren: RT @Alberta411: Canada to Review Russia’s Offer to Assist With Alberta Wildfire  #AB #ymmfire #FortM,rescue_volunteering_or_donation_effort,other_relevant_information,0.8,
728592704368607232,I live in the same province as the wildfire disaster in Fort McMurray. Such tragedy and loss of homes &amp;,other_relevant_information,sympathy_and_support,0.9,
731920827264835584,Alberta Government Releases Fire Damage Surveillance App: Alberta government releases app that will give residents of wildfire-ravage,rescue_volunteering_or_donation_effort,infrastructure_and_utility_damage,0.9,
728919730485112833,My MIL said those people from #FortMacMurray shouldnt have left without a full tank of gas. Uh what? #evacuation #SMH #wildfire,displaced_people_and_evacuations,caution_and_advice,0.85,
728798158612897792,Canada wildfire disrupts rescue convoy: Residents continue to flee a massive wildfire around the Canadian cit,rescue_volunteering_or_donation_effort,displaced_people_and_evacuations,0.9,
728999486031269888,RT @AlbertaatNoon: How are you dealing with the Fort McMurray wildfire? How is it affecting you? Thoughts to share today? Tweet or call 1 8,other_relevant_information,not_humanitarian,0.9,
729494379367387136,"RT @hklawson: @SheilaGunnReid Wow! From the safety of their comfy homes, they damn the livelihood, burned homes of other Cdns.",infrastructure_and_utility_damage,not_humanitarian,0.9,
733085856605601793,RT @JamieThomasTV: Words cannot describe how good of a job Scottie Upshall did in writing this on @PlayersTribune about Fort McMurray. http,other_relevant_information,not_humanitarian,0.9,
729350758248919040,RT @Dave_Khan: Another reason not to donate to Ezra Levants Rebel cynical donation drive. Individual donations only are matched.,rescue_volunteering_or_donation_effort,not_humanitarian,0.9,
728589373780819969,Tough to watch. Many of us have home security cameras but dont expect to see our homes burn in a wildfire. #ymmfire,other_relevant_information,sympathy_and_support,0.85,
729832359240052736,A decision to accept international assistance for the wildfire would be based on an assessment by the Canadian,not_humanitarian,other_relevant_information,0.9,
728692674312556544,"RT @GoreMutual: An estimated 90% of homes in Fort McMurray, Alta. neighbourhood lost in wildfire -  @CdnUnderwriter",other_relevant_information,infrastructure_and_utility_damage,0.95,
729266348153524224,Canadian wildfire halts rescue convoy,rescue_volunteering_or_donation_effort,infrastructure_and_utility_damage,0.9,
730103053593001984,RT @CompBureau: Want to help support the thousands of residents displaced by the #FortMcMurray massive wildfire? Don’t get scammed!,displaced_people_and_evacuations,caution_and_advice,0.9,
729896838921265152,Connect with your fellow condo residents - @GeniePad is offering #ymm buildings affected by wildfire 6 months free,rescue_volunteering_or_donation_effort,other_relevant_information,0.9,
730874870746259456,RT @LawTimes: #Alberta law firms offer generous support to #FortMacFire victims  via @LegalFeedsblog #lawyers,rescue_volunteering_or_donation_effort,sympathy_and_support,0.9,
730449924224126976,Fort McMurray Update: Canadian Red Cross says CA$50 million ($39 million) will be given to Fort McMurray wildfire,rescue_volunteering_or_donation_effort,other_relevant_information,0.9,
729839492597604352,"RT @BACEtweets: Australian Breastfeeding Association supports for infant feeding in emergencies, tailored to wildfire evacuations: /",rescue_volunteering_or_donation_effort,caution_and_advice,0.9,
729743372563308545,RT @NWSMarquette: Wildfire concerns are elevated today (Mon)again.Debris burning is not permitted in the U.P. Report any fires to 911. http,other_relevant_information,caution_and_advice,0.9,
728786381640761345,Assistance for those impacted by the Fort McMurray wildfire.,rescue_volunteering_or_donation_effort,requests_or_urgent_needs,0.9,
729284190588444674,RT @goodnewsnetwork: Refugees Give Back To Host Country and Canadians Displaced by Wildfire,rescue_volunteering_or_donation_effort,displaced_people_and_evacuations,0.9,
730248726464311296,"Student loan information for post-secondary students, graduates and individuals affected by wildfire  #ymm",other_relevant_information,not_humanitarian,0.9,
728791007655944192,RT @fortmacpets: #yymfire Different strokes for different folkshere to help you find your furry best friends,other_relevant_information,missing_or_found_people,0.85,
728756310758449152,RT @amainsurance: 100% no truth. All home and tenants policies cover damage from wildfire. #ymmfire,infrastructure_and_utility_damage,not_humanitarian,0.9,
729838231454277632,Not possible to use Martin Mars water bomber to help fight Fort McMurray wildfire: AB premier  via @NEWS1130,other_relevant_information,infrastructure_and_utility_damage,0.8,
728674915725889537,"@weldstar89 @HiHo780 Tell that to those who walk through wildfire areas, looking for ground soil smoulders that start when soil gets warm.",other_relevant_information,caution_and_advice,0.85,
728571726519517184,"Pause on a beautiful, sunny, wildfire-free day #Toronto &amp;think of convoy400 - donate @redcrosscanada ❤️἞8἞6 #FortMacFire #PrayForFortMcMurray",rescue_volunteering_or_donation_effort,sympathy_and_support,0.9,
735882598656970754,Alberta Wildfire Economic Pain Singes Beyond Energy Sector  The wildfire that has ravaged northern Alberta and cut,other_relevant_information,infrastructure_and_utility_damage,0.9,
736020727984443392,"RT @NS_DNR: Welcome back. 24 NS wildfire fighters return tonight fr. Man. &amp; Alberta fires. Hard work, long days. Way to go crew! .",other_relevant_information,rescue_volunteering_or_donation_effort,0.9,
735619028559880192,"B.C. sends wildfire crews to Alberta, Ontario: About 100 firefighters to assist with fire n  #100milefreepress",rescue_volunteering_or_donation_effort,other_relevant_information,0.9,
732322784433586178,#BCnews Fort St. John fire wildfire safety update,other_relevant_information,caution_and_advice,0.9,
730527188370395137,Air Canada Blames Computer System For Exorbitant Fees During Wildfire Evacuation - Travel+Leisure,displaced_people_and_evacuations,infrastructure_and_utility_damage,0.85,
729669782212116480,Major wildfire would endanger Greater Victoria’s drinking water  via @timescolonist,other_relevant_information,infrastructure_and_utility_damage,0.9,
730268543325851648,Be safe Alberta! ❤️ #HealAlberta #Oil #Love #Fires #Fire #Wildfire #Earth #Rain,sympathy_and_support,caution_and_advice,0.85,
729138622071513088,It merits national emergency to be called to pool all resources to fight it out Fort McMurray wildfire called,rescue_volunteering_or_donation_effort,caution_and_advice,0.85,
728857199296942080,RT @credmau5: : Please help #FortMcMurray  #FortMac #Wildfire,rescue_volunteering_or_donation_effort,requests_or_urgent_needs,0.9,
728914145115033600,I liked a @YouTube video from @cctv_america  Canadian wildfire: State of emergency declared in oil town,caution_and_advice,other_relevant_information,0.8,
730052359049580544,I need Head Shaker emoticon again as we turn down international aircraft help for fires:  #notpolitics #lotsoffires,requests_or_urgent_needs,not_humanitarian,0.9,
728688168464080896,RT @EComm911_info: Our thoughts go out to emerg responders &amp; firefighters on the front line. Donate to @redcrosscanada #ymmfire .,sympathy_and_support,rescue_volunteering_or_donation_effort,0.9,
729678219012509696,RT @VICEUK: Welcome to the wildfire relief effort that includes free lap dances,rescue_volunteering_or_donation_effort,not_humanitarian,0.9,
730129856114085888,Prime Minister Trudeau will visit Fort McMurray to view the wildfire damage on Friday.,other_relevant_information,infrastructure_and_utility_damage,0.9,
732573484094787584,Via @bbcweather - #Canada #wildfire: #Oil workers urged to leave #FortMcMurray camps -  #Alberta #Suncor #Syncrude,caution_and_advice,displaced_people_and_evacuations,0.9,
729111518344839168,Fort McMurray Wildfire Relief Includes Free Lap Dances for Escapees  via @vicecanada,rescue_volunteering_or_donation_effort,not_humanitarian,0.9,
728938587018780672,Study finds wildfire emissions higher in polluted areas,other_relevant_information,not_humanitarian,0.9,
733699508803112960,University of Alberta students affected by wildfire receive bursaries; Red Deer brewery recognized at 2016 World Beer Cup; Alberta Chamber,rescue_volunteering_or_donation_effort,not_humanitarian,0.9,
728901062246158337,Ottawa will review #Russia’s offer to assist Canada in dealing with the Alberta wildfire. Read more:  #FortMcMurray,rescue_volunteering_or_donation_effort,other_relevant_information,0.9,
731199011529629696,Fort McMurray: Trudeau arrives to view wildfire damage,other_relevant_information,infrastructure_and_utility_damage,0.9,
729017590673182721,"RT @Mix1037radio: part 3 -Notley said Fort McMurray wildfire may reach Saskatchewan border. -Anzac damage not as bad as first thought, 12 s",other_relevant_information,infrastructure_and_utility_damage,0.9,
729393199396102145,Homes lost. Lives changed forever. Groups like this are celebrating. Disgusting. #cdnpoli #FortMacFire #FtMcMurray,other_relevant_information,sympathy_and_support,0.85,
728643090714628096,Fort McMurray wildfire: Province giving emergency funding to fire evacuees,rescue_volunteering_or_donation_effort,displaced_people_and_evacuations,0.95,
728723531404546048,RT @globalnews: Fort McMurray wildfire continues to take toll on Alberta oilsands #ymmfire #abfire #abeconomy,other_relevant_information,infrastructure_and_utility_damage,0.85,
729700920955576324,Fort McMurray wildfire evacuees in #Calgary thank those whove given a helping hand:  #yyc #yymfire #FortMacFire,displaced_people_and_evacuations,sympathy_and_support,0.9,
729158077648277505,RT @GreenAwakening: #Canada #Alberta wildfire doubles size to 300k ha (740k acres) racing to #OilSands. damage C$9B (US$7B),caution_and_advice,infrastructure_and_utility_damage,0.9,
729117958287425536,"RT @USArmy: A New York @USNationalGuard UH-60 Black Hawk crew attaches a water bucket for wildfire training in New York, May 5",rescue_volunteering_or_donation_effort,not_humanitarian,0.9,
729348394884337664,"VIDEO: Alberta government offers help on meds, kids and moms affected by wildfire",rescue_volunteering_or_donation_effort,requests_or_urgent_needs,0.9,
733383512812888064,RT @DanAshtonBC: Kudos to @WestJet for supporting pets &amp; pet owners affected by Fort Mac. wildfire.,rescue_volunteering_or_donation_effort,sympathy_and_support,0.9,
729122254605451264,Retweeted BC Wildfire Service (@BCGovFireInfo): #BCwildfire crews continue efforts on fires in northeast #BC.,rescue_volunteering_or_donation_effort,other_relevant_information,0.9,
730056690041819136,"The amazing thing about this, is that despite the incredible fire, they managed to save 85% of the buildings. #fb",other_relevant_information,infrastructure_and_utility_damage,0.9,
735070176908038145,RT @MAWWORM1: Day 2 of the technical rescue PPE evaluations at Earlswood Training Centre. Wildfire simulation underway @mawwfire .,rescue_volunteering_or_donation_effort,not_humanitarian,0.9,
729408027049086976,RT @globalnews: Ralph Goodale says government will be assisting those in need of help after Alberta wildfire,rescue_volunteering_or_donation_effort,requests_or_urgent_needs,0.9,
728532753113845761,RT @CityNews: Alberta premier looking at what comes next for victims of massive wildfire  @CityAvery,other_relevant_information,displaced_people_and_evacuations,0.85,
728651951668219904,Province to provide cash to evacuees for immediate needs #yql #ymmfire,displaced_people_and_evacuations,requests_or_urgent_needs,0.9,
729566768813854721,"#ymmfire would benefit,we could all go home ASAP without fires Russia wildfire aid offer still in limbo",other_relevant_information,requests_or_urgent_needs,0.85,
729808255749226496,We talk to an investigator about what it takes to find out who is responsible for man-made wildfires:  #yymfire,other_relevant_information,not_humanitarian,0.9,
728660948173475841,"RT @ajplus: Alberta, Canada, declared a state of emergency after a wildfire forced more than 80,000 people to evacuate.",caution_and_advice,displaced_people_and_evacuations,0.95,
729353911421829121,I commend these teachers for their selflessness and commitment to these children.,not_humanitarian,sympathy_and_support,0.9,
730111046380191744,Why Isn’t the Martin Mars Water Bomber Working on the Wildfire?,not_humanitarian,other_relevant_information,0.8,
728782375170215936,Wow &gt;&gt;These Maps Show The Insane Size Of The Fort McMurray Wildfire,infrastructure_and_utility_damage,other_relevant_information,0.9,
735824622826999808,AT 6:30AM: @llikemoyd reports a huge emergency exercise takes place at Grouse Mtn this AM. Focus is response to a major wildfire.,rescue_volunteering_or_donation_effort,other_relevant_information,0.9,
735163994600669184,40 new wildfire starts Monday whats concerning is that most of them were camp fires that were abandoned. abfire,other_relevant_information,caution_and_advice,0.9,
735465456841068549,RT @billmckibben: Small world. Smoke from Alberta wildfires makes it to Europe,other_relevant_information,not_humanitarian,0.9,
729340919242100736,"@RealMickFoley as an Albertan,u are a very good person Mick for donating to Fort McMurray wildfire victims..god bless!!",rescue_volunteering_or_donation_effort,sympathy_and_support,0.9,
728930772158046208,"A reminder to Alberta Env &amp; Parks personnel using Solara GPS units in wildfire areas, for any use questions, call (877) 769-2310 @ab_ep",other_relevant_information,caution_and_advice,0.9,
730134759444189189,Katarina bad Karma ⚡️ Fort McMurray-area wildfire grows as two fires combine,caution_and_advice,infrastructure_and_utility_damage,0.85,
735098896888692737,RT @LaurieGharis: Great opportunity for the students. Hope @smokey_bear talked about the difference between #goodfires and bad fires.,other_relevant_information,not_humanitarian,0.9,
730507643828101120,Happy to hear: Red Cross to provide evacuees with $50M immediately  @redcrosscanada @YourAlberta,rescue_volunteering_or_donation_effort,displaced_people_and_evacuations,0.9,
728644594498306049,The destruction as a result of the Fort McMurray wildfire is terrifying. We are working with first responders and lo,other_relevant_information,infrastructure_and_utility_damage,0.9,
732246739659427840,Residents see first images of homes following Fort McMurray wildfire. #D16,other_relevant_information,infrastructure_and_utility_damage,0.9,
731335302409682944,RT @AdrienneLambCBC: Honoured to be able to tell this story about wildfire on @cbcradio  @AlbertaWildfire #yeg http,other_relevant_information,not_humanitarian,0.9,
730770897204879364,Cash or a house – a tough choice for wildfire victims @,not_humanitarian,displaced_people_and_evacuations,0.85,
733819793078255617,Stable but dry: Wildfire conditions in the north remain stable thanks to favourable wind conditions and light,other_relevant_information,caution_and_advice,0.9,
728660911464964096,RT @itvnews: Canada: Wildfire victims speak of losing everything,other_relevant_information,sympathy_and_support,0.9,
729474286763773953,RT @ComicBook: WWEs Kevin Owens And Tyler Breeze Launch GoFundMe For Victims Of Wildfire,other_relevant_information,rescue_volunteering_or_donation_effort,0.9,
730443036866449408,Live video: Province reveals details of emergency funds for wildfire evacuees,caution_and_advice,displaced_people_and_evacuations,0.95,
728593067737939972,"ATH Hangingstone only facility currently facing wildfire, air bridge” from camps successfully underway",other_relevant_information,infrastructure_and_utility_damage,0.9,
732642388464766976,#ymmfire #ymmhelps #FortMcMurray #FortMacFire 10:10am Fort Mac fire update,caution_and_advice,other_relevant_information,0.9,
734759275352858624,"@nytimes absolutely! Should def also have wildfire evacuation sirens in light of Slave lake, and more recently, Ft. McMurray fires #ymmfire",displaced_people_and_evacuations,caution_and_advice,0.9,
732265656444432384,Emergency child care subsidy is available for families affected by the wildfire.,rescue_volunteering_or_donation_effort,requests_or_urgent_needs,0.9,
733362688298881026,"RT @GlobalEdmonton: Fort McMurray wildfire: Municipal Affairs Min. Danielle Larivee to provide update on fire status, assistance efforts at",rescue_volunteering_or_donation_effort,other_relevant_information,0.9,
734779332426633216,Wildfire contaminants could sully Fort McMurray water supply,other_relevant_information,infrastructure_and_utility_damage,0.9,
728693942003355648,Red Cross Receives Overwhelming Support For Fire Victims - See more at:  #ymmfire #ymmhelps #wildfire #FortMacFire,rescue_volunteering_or_donation_effort,sympathy_and_support,0.9,
728564187740315648,@MusicForRelief hey we could use some of your relief up here in Fort McMurray Alberta to help the evacuees of the wildfireὡE #ymmfire,rescue_volunteering_or_donation_effort,requests_or_urgent_needs,0.9,
729757778923786240,What will the Fort McMurray wildfire leave behind?: Research from California fires that have burned through h,other_relevant_information,not_humanitarian,0.9,
730115769049198592,"Nasty viral illness among #FortMacFire evacuees increases, spreads:",displaced_people_and_evacuations,caution_and_advice,0.9,
729804255209512960,DTN Thailand: Chiang Mai park fire blame falls on locals: Villagers are being blamed for causing a wildfire t,other_relevant_information,not_humanitarian,0.9,
729379971081216000,Ignorance spreads faster than forest fires. Natural renewal phenomenon for 1000s of years. Facts vs. Ideology,other_relevant_information,not_humanitarian,0.9,
728634025083031554,"Urgent Ft. McMurray, Alberta Canada Accommodations. @Airbnb waves fees for people displaced by McMurray wildfire",rescue_volunteering_or_donation_effort,displaced_people_and_evacuations,0.95,
731732555959963651,#App released for #FortMcMurray evacuees to survey wildfire damage - Edmonton - CBC News #ymm,other_relevant_information,infrastructure_and_utility_damage,0.9,
735160222411546624,With much of the trees and forestry burned around the areas it is safer as no fuel for the fire but it is still early in wildfire season,other_relevant_information,caution_and_advice,0.9,
735227764492509184,"RT @MBGovNews: For further general information on #Manitoba wildfires, go to  #mbfire",not_humanitarian,other_relevant_information,0.9,
728764582773297152,RT @BeautyReflectTS: Devastating and Heartbreaking. Please help if you can.,rescue_volunteering_or_donation_effort,sympathy_and_support,0.9,
729034618247221248,RT @dsimonjackson: Want to help support victims of the Fort McMurray wildfire? There are alternatives to the Red Cross.,sympathy_and_support,rescue_volunteering_or_donation_effort,0.9,
731117102677921796,Rescued pets reunited with wildfire evacuees in Edmonton,rescue_volunteering_or_donation_effort,missing_or_found_people,0.9,
731526232827920386,Numerous areas in Fort McMurray region experiencing heavy smoke affecting visibility #ymmfire #yyc,other_relevant_information,caution_and_advice,0.9,
729699171020595200,"@NationPride2015 @FREEDOMPARTY2 @JudyRb48 you cant stop a wildfire with conditions they were dealing with, you protect infrastructure",other_relevant_information,infrastructure_and_utility_damage,0.85,
730512604687372290,RT @CBCEdmonton: Wildfire donations running low in Bonnyville  #yeg,rescue_volunteering_or_donation_effort,requests_or_urgent_needs,0.9,
728706965682065408,"Fort McMurray wildfires test joint emergency response, as donations hit $30MPrime Minister Justin Tr  via @cbcnews",rescue_volunteering_or_donation_effort,other_relevant_information,0.9,
728716073193758720,"These 2 fires are nearing 35,000 hectares.",other_relevant_information,infrastructure_and_utility_damage,0.8,
733434446368677888,"Hope with conditions, Christy Clarks pipeline donors will fuck off &amp; exploit diff country @cathmckenna #bcpoli #LPC #bitumen #wildfire",rescue_volunteering_or_donation_effort,not_humanitarian,0.9,
733015256839159808,Fort Mac food bank braces for wave of new users following devestating wildfire.,other_relevant_information,requests_or_urgent_needs,0.9,
728700173090578432,Alberta wildfire will take ‘weeks and weeks’ to extinguish: The province announced $100-million in emergency,rescue_volunteering_or_donation_effort,infrastructure_and_utility_damage,0.85,
728884452538068992,Bigger than Cities: Understanding Scales of Wildfire and Nations that inhabit/depend on the Boreal Forest,other_relevant_information,not_humanitarian,0.9,
729143335475027968,"RT @Silvabee: #FortMcMurray wildfire map interactive with evacs, industry and relief updates. @NoathingSpecial @solojo007",displaced_people_and_evacuations,other_relevant_information,0.9,
728981492735545347,Rallying kindness from strangers is what the human condition will depend on. We too ask ourselves how can we help,sympathy_and_support,rescue_volunteering_or_donation_effort,0.9,
728831174139777024,I believe ignoring an evacuation order is against the law. Any #Lawyers that can confirm or reject this?,displaced_people_and_evacuations,caution_and_advice,0.85,
735853861412458496,Benefit concert planned for Fort McMurray wildfire victims - Global News via @breaking,other_relevant_information,rescue_volunteering_or_donation_effort,0.9,
735332795086688256,Slave Lake Wildfire Update (8:40pm May 24) Wildfire Hazard for the Slave Lake Forest Area For,caution_and_advice,other_relevant_information,0.9,
733680453853556736,"High wildfire danger levels; burning permits cancelled for central, eastern #Manitoba. No new permits until conditions improve. #mbfire",other_relevant_information,caution_and_advice,0.95,
732584861593133057,RT @thepeav: Firefighting crews are still trying to put out fires in the northern part of the city. #ftmcmurrayfire @AIRWorldwide,other_relevant_information,infrastructure_and_utility_damage,0.9,
733417609723543553,can people pls stop asking why its so smokey? western Canada is on fire and its raining. water &amp; wildfire = hella smoke,other_relevant_information,caution_and_advice,0.85,
732617646311636993,Once again stay safe out there everyone. #ymmfire @IAFFCanada @IAFFNewsDesk,sympathy_and_support,caution_and_advice,0.9,
730245584506880000,RT @Edmontonsun: Oilsands industry gears up as Highway 63 re-opens for supplies and workers,other_relevant_information,infrastructure_and_utility_damage,0.9,
730578820739174402,"Eventually, today, May 11, 2016, Fort McMurray wildfire was put out and, funds were distributed to wildfire evacuees.",rescue_volunteering_or_donation_effort,displaced_people_and_evacuations,0.9,
732991451093557250,"Check story from Edmonton Journal  #stupidtrudeau and #prayforsophie, no we do not need help; just help for sophie",requests_or_urgent_needs,sympathy_and_support,0.85,
729047372580323328,RT @R5_Fire_News: Tomorrow is #WildfirePrepDay! How is your community organizing?  #volunteers #WildfireReady16 http,rescue_volunteering_or_donation_effort,caution_and_advice,0.9,
729742299169738752,"If theres 1 thing that the Fort McMurray wildfire has shown me, its that Canadians relief foreign countries and Canadians relief Canadians",other_relevant_information,sympathy_and_support,0.85,
729377901552926720,RT @PerezHilton: Canadian province of Alberta in a state of emergency as #FortMcMurrays wildfire burns!  .,caution_and_advice,other_relevant_information,0.9,
730446581661614080,"With raging wildfire forcing city residents to flee, crew of plant workers stay to provide firefighters with #water",rescue_volunteering_or_donation_effort,displaced_people_and_evacuations,0.9,
729646350820745216,"RT @Iconix22: #ymmhelps #ymmfire #FortMcMurray #FortMacFire good post, but I prefer 80% homes saved by heroes title better.",rescue_volunteering_or_donation_effort,not_humanitarian,0.9,
730134943146332161,Did the Tar Sands catch ⚡️ Fort McMurray-area wildfire grows as two fires combine,other_relevant_information,infrastructure_and_utility_damage,0.85,
733649652042637318,"Lake Mead at record low, California drops water rules, Alberta wildfire still spreading Via @westgov",caution_and_advice,other_relevant_information,0.9,
729498264563810306,Canada will unite to deal with the fires,other_relevant_information,sympathy_and_support,0.85,
735505275986280448,The Red Cross Is Giving Millions Of Dollars Directly To Canadian Wildfire Evacuees  #aid via @good,rescue_volunteering_or_donation_effort,displaced_people_and_evacuations,0.95,
728993674147827713,"RT @NaomiChocyk: PLS #Donate and #Pray for #FortMcMurray residents suffering the tragic wildfire, God be with you.",rescue_volunteering_or_donation_effort,sympathy_and_support,0.9,
728595197945204736,RT @YahooNews: Homes get reduced to rubble in the aftermath of Canadian wildfire that has left thousands displaced,infrastructure_and_utility_damage,displaced_people_and_evacuations,0.9,
728874835644952577,Terrible news from my beloved Alberta as the wild fires spread further,other_relevant_information,sympathy_and_support,0.9,
728795703015669761,RT @waEMD: Defensible Space was the reality that saved these homes last summer. 5/7 is #WildfirePrepDay,other_relevant_information,caution_and_advice,0.9,
728803424016310275,"Future AB Gov budgets shld def. earmark wildfire fighting efforts, cause its only going to get worse. @mariamdena",other_relevant_information,caution_and_advice,0.85,
730134070311723009,A significant wind ⚡️ Fort McMurray-area wildfire grows as two fires combine,caution_and_advice,infrastructure_and_utility_damage,0.85,
730546649374859264,RT @JuniorBlack416: what are the options re: donations for people affected by the Fort McMurray wildfire? is Canadian Red Cross and what el,rescue_volunteering_or_donation_effort,requests_or_urgent_needs,0.9,
732753146708000769,RT @justinCgio: The Alberta agency tasked with preventing wildfires has left millions unspent over the past three years,other_relevant_information,not_humanitarian,0.9,
729706052866842624,"RT @atgiggleswick: @MerlinYYC @JustinTrudeau Exactly, help the people in the wildfire area AND stop fanning the flames of the cold war with",requests_or_urgent_needs,not_humanitarian,0.9,
732627955092885504,"@JaimeFraser @MichelleRempel and how does that mean that pollution and wildfire are unrelated?! dry conditions, heat and &amp; deforestation!!",other_relevant_information,not_humanitarian,0.9,
732630821186625536,"As we continue to support our employees &amp; those evacuated in the #ymmfire, share this article w/ others affected.",sympathy_and_support,displaced_people_and_evacuations,0.9,
730894786903855104,Taiwan donates aid to wildfire-engulfed Canadian city | Politics | FOCUS TAIWAN  via @sharethis,rescue_volunteering_or_donation_effort,other_relevant_information,0.9,
728824706590105601,"RT @GlobalCalgary: Albertans offering food, shelter to residents fleeing Fort McMurray wildfire  #YMMfire #YMM #YEG",rescue_volunteering_or_donation_effort,displaced_people_and_evacuations,0.9,
729779168041279488,Weather changes bring new hope in Canada. Whole neighbourhoods destroyed by wildfire.  #7News,other_relevant_information,infrastructure_and_utility_damage,0.9,
729178711656955904,"RT @ebtekarm: Cross-sectoral meeting: national preparedness to combat wildfires,country target:20 % reduction of wildfire damage .",rescue_volunteering_or_donation_effort,other_relevant_information,0.9,
729719745725882369,Alberta construction plan wildfire relief  @DCN_Canada #ymm #equipmentrentals #AlbertaStrong,infrastructure_and_utility_damage,other_relevant_information,0.9,
728631869051310081,"Major water user, cuts back beer production to help #ymmfire #ymmhelps",other_relevant_information,rescue_volunteering_or_donation_effort,0.85,
732612209134686208,There has been an explosion in a Fort McMurray neighbourhood.,other_relevant_information,infrastructure_and_utility_damage,0.9,
732702276482031616,"EXCLUSIVE: As Alberta burns, @GlobalNews finds millions unspent by Alberta agency tasked with preventing wildfires",other_relevant_information,infrastructure_and_utility_damage,0.85,
729746552139460612,TUNE IN at 3pm ET/1pm MT on TV as Mark Robinson @StormhunterTWN comes to us LIVE with a first look at wildfire damage in #FortMcMurray,other_relevant_information,infrastructure_and_utility_damage,0.9,
728838186114252800,RT @MiddleEastEye: Syrian refugees aid Canadians caught in massive wildfire,rescue_volunteering_or_donation_effort,displaced_people_and_evacuations,0.9,
728965247629955073,RT @AnneKOvind: Devastating damage caused by #FortMcMurray #wildfire Resilience and spirit of #Albertans impressive. Our thoughts are with,infrastructure_and_utility_damage,sympathy_and_support,0.9,
729835079829213184,RT @GerriGershon: Media coverage of #FortMcMurray is intense. Your kids may need to talk. You may need help. Some tips:,other_relevant_information,caution_and_advice,0.9,
730221357884039168,RT @nowthisnews: These Syrian refugees are helping those who lost their homes in Canadas massive wildfire,rescue_volunteering_or_donation_effort,displaced_people_and_evacuations,0.9,
729499934068756483,RT @wildlifegisgirl: #wildfire #maps RT @sdbernard: Mapping wildfires in Alberta  #GIS #QGIS #gistribe /,other_relevant_information,not_humanitarian,0.9,
731361386756902913,"Fort McMurray evacuees eligible for almost $2,000 each in aid /via @globeandmail",rescue_volunteering_or_donation_effort,displaced_people_and_evacuations,0.9,
729724398022725633,RT @OfficerJulieM: Please check before you donate! Give to charities you know and trust. Fake donation scams are common after tragedies htt,rescue_volunteering_or_donation_effort,caution_and_advice,0.95,
730452608888922112,"RT @GlobalEdmonton: Fort McMurray wildfire: Red Cross to give $50M, Alberta to give $100M in emergency funding #ymmfire",rescue_volunteering_or_donation_effort,other_relevant_information,0.9,
728643246478385152,"Alberta Emergency Alert issues an evacuation preparedness alert, as a wildfire is burning in Clear Hills County",displaced_people_and_evacuations,caution_and_advice,0.95,
730024111813083136,"Five years ago, on a Tuesday morning much like this, I headed north to Slave Lake, after a wildfire destroyed a third of that community.",infrastructure_and_utility_damage,not_humanitarian,0.9,
729525970466541568,#TruDoh Drama Teacher forgets his lines &amp; falls flat: Russia wildfire aid offer still in limbo,rescue_volunteering_or_donation_effort,not_humanitarian,0.9,
728869483918577666,Canada wildfire: 200 Keralite families await rescue in Fort McMurray,rescue_volunteering_or_donation_effort,displaced_people_and_evacuations,0.9,
730199034464481285,@Sherry__black @MayorMelissa Wildfire information for the province is posted here:,caution_and_advice,other_relevant_information,0.9,
729798306688212992,Another great story of Canadians reaching out to help eachother in a time of need!,other_relevant_information,sympathy_and_support,0.9,
729804153711525888,RT @climatehawk1: Catastrophic Canadian wildfire is sign of destruction to come: Scientific American  #climate #dive,other_relevant_information,not_humanitarian,0.9,
730461496069607425,"The Red Cross will provide Fort McMurray wildfire evacuees with $50-million immediately; $600/adult, $300/child",rescue_volunteering_or_donation_effort,displaced_people_and_evacuations,0.95,
729653421800722432,Temporary housing shares surge amid Alberta wildfire,other_relevant_information,displaced_people_and_evacuations,0.9,
732619977824423936,"Alberta Wildfires Chad Morrison says number of oilsands camps remain at risk, as does sawmill;Oilsands facilities resilient with firebreaks",caution_and_advice,infrastructure_and_utility_damage,0.9,
729459680855007232,"RT @edmontonjournal: Wildfire: Min. of public safety &amp; emergency preparedness promises income support, rebuild assistance #ymm #ymmfire htt",rescue_volunteering_or_donation_effort,other_relevant_information,0.9,
729866288026161156,RT @YukonMomto2: @kalicat2 @Kenster0007 @BillTufts think they killed it pretty fast myself given most forest fires in north.Canadas wildfi,other_relevant_information,not_humanitarian,0.9,
729643536229011456,"Hey @KenIlgunas, would love to hear your thoughts on the Ft McMurray wildfire situation",not_humanitarian,other_relevant_information,0.8,
732989355917205505,Wildfire just wont die | Sudbury Star,other_relevant_information,not_humanitarian,0.9,
728644527733477380,"With wildfire conditions to get even worse, can Fort McMurray be rebuilt safely? If you believe in justice for",not_humanitarian,caution_and_advice,0.85,
729761748568264705,From where I sit we could use 30 more big water bombers.,other_relevant_information,requests_or_urgent_needs,0.9,
730759475297030144,World News - How wildfires hide -- then rage again: The Fort McMurray wildfire could keep bu  by abigailpollak,other_relevant_information,not_humanitarian,0.9,
732553915108052992,State of emergency called in Alberta fire  #wildfire #Canada #climate #security #oil #biz #tech,caution_and_advice,other_relevant_information,0.9,
729879432928731136,Fort McMurray wildfire: Why cash is better than donating material goods: Donors may be reluctant to donate cash,rescue_volunteering_or_donation_effort,other_relevant_information,0.9,
728716010392453122,RT @AndrewRanger1: @jiadarola @cenkuygur @jimmy_dore Adding to the F.M. fire story. Even the Mexicans came to help us! ty! :) #tytlive http,rescue_volunteering_or_donation_effort,not_humanitarian,0.9,
732256168077365248,One idea is to prepare an evacuation kit. Do you have any wildfire season tips?,displaced_people_and_evacuations,caution_and_advice,0.9,
733456694911631360,"Slave Lake Wildfire Update (May 19, 2016) As of 4:00pm today, the fire ban and OHV restriction",caution_and_advice,other_relevant_information,0.9,
728958110677639169,"Calgary company donates land, trailers to house evacuees",rescue_volunteering_or_donation_effort,displaced_people_and_evacuations,0.95,
731995552892788736,"#TheNewsClub Large wildfire threatens homes near Sanger, Calif. - ABC 30: Large wildfire threatens homes near Sang",caution_and_advice,infrastructure_and_utility_damage,0.85,
728574937770934272,"RT @GlobalEdmonton: Labatt Breweries providing drinking water to wildfire evacuees in Saskatchewan, Alberta &amp; B.C.  h",requests_or_urgent_needs,rescue_volunteering_or_donation_effort,0.9,
732188774629707776,Why monetary donations better than donating material goods,rescue_volunteering_or_donation_effort,not_humanitarian,0.9,
730132449922027520,"The 2011 wildfire that destroyed one-third of Slave Lake, Alta., five years ago brought in $5.5 million.",infrastructure_and_utility_damage,not_humanitarian,0.9,
730762009914957825,"RT @nenshi: @AliciaMBaer I understand. But experience shows there is enormous waste in distributing donations. See here, eg:",rescue_volunteering_or_donation_effort,not_humanitarian,0.9,
729260693678108672,"Canadas fires 156,000 hectares and growing#Heartbreaking",infrastructure_and_utility_damage,sympathy_and_support,0.9,
732618034871980034,"Notley: Wildfire risk continues for camps north of Fort McMurray, some areas have experienced damage. #ymm #ymmfire",caution_and_advice,infrastructure_and_utility_damage,0.9,
731995603157147649,RT @CFJC_Today: UPDATE: Crews establishing perimeter for Lac Du Bois area fire | READ:  #Kamloops,other_relevant_information,infrastructure_and_utility_damage,0.85,
729418661463785472,"Refugees from a wildfire destroying their homes, accepted, supported. Refugees from a war destroying their homes, not always so much, huh?",infrastructure_and_utility_damage,displaced_people_and_evacuations,0.9,
728633878613630976,RT @LD_Heritage: Emergency Pharmacy Services &amp; Complimentary Charging Stations for Wildfire Evacuees #ymmfire,rescue_volunteering_or_donation_effort,displaced_people_and_evacuations,0.9,
730201219780608000,@tim_cook Thank you so much for putting the Wildfire assistance apps front &amp; center on the Canadian App Store :) #yegfire,rescue_volunteering_or_donation_effort,sympathy_and_support,0.85,
734491642258939904,"RT @artemisbm: Canada fires continue, set to be largest insured wildfire loss ever  #insurance #reinsurance #ILS #Fo",other_relevant_information,infrastructure_and_utility_damage,0.85,
731976644869558272,RT @OpFreeWorld: ♥Follow - Retweet♥ Canada phone app for wildfire victims: A smartphone app released by the Canadia,other_relevant_information,rescue_volunteering_or_donation_effort,0.9,
730134723679404032,"Notley: Oilsands facilities not damaged by wildfire in #YMM. Companies restart operations in coming days - she says relief for AB, Can econ.",other_relevant_information,infrastructure_and_utility_damage,0.85,
733345040068706304,"Chad Morrison w/ Wildfire Alberta: 505,000 hectares in size, with 7,000 in Sask. #YMMfire. Spreading northeast into forested areas.",caution_and_advice,other_relevant_information,0.9,
728582668250718208,"RT @JohnOCAP:  #FortMckayFirstNation with population of 800 sheltered 5,000 following #FortMacFire",other_relevant_information,displaced_people_and_evacuations,0.9,
729117166675562496,"RT @Alex__Johnstone: Syrian refugees donate to Alberta, say they understand what it feels like to flee their home &amp; lose everything: :",rescue_volunteering_or_donation_effort,sympathy_and_support,0.9,
730194919697035266,Wildfires impact on Alberta oilsands industry measured by the numbers.,other_relevant_information,infrastructure_and_utility_damage,0.8,
728541962828124160,NS woman whose home was destroyed in ’08 wildfire says life gets better #RT,infrastructure_and_utility_damage,sympathy_and_support,0.9,
729705045596450818,RT @Edmontonsun: AHS is reporting an outbreak of viral gastroenteritis at the Northlands evacuation centre #ymmfire #ymm #yeg /,caution_and_advice,displaced_people_and_evacuations,0.9,
733453801798012928,"@FatCorgiOnyx @ScruffKerfluff I recently had a wildfire rip thru my town, I know too well how little things can matter to help you thru it..",other_relevant_information,sympathy_and_support,0.9,
728944517173350400,RT @Janice_Golding: Perspective for all my friends around the world. These Maps Show The Insane Size Of The Fort McMurray Wildfire: http,infrastructure_and_utility_damage,other_relevant_information,0.9,
730175327780081665,"RT @XHNews: To the worlds relief, most of houses saved in wildfire-raged oil sands town in west Canada",other_relevant_information,infrastructure_and_utility_damage,0.85,
729662191255826432,RT @firstcircle12: Officials say Russian offer of help for wildfire is beingstudied.They need #US permission. #cdn,rescue_volunteering_or_donation_effort,other_relevant_information,0.8,
732753606483398656,"It will be hard to watch extreme fires burn this year, but using restoration $ for restoration is the right move",other_relevant_information,not_humanitarian,0.9,
729279006713982976,Pets Affected by #Alberta-#Wildfire #Donation link:  Praying special protection,rescue_volunteering_or_donation_effort,sympathy_and_support,0.9,
734721953492176898,RT @s_cynandj: Troy Turner rocking Burning Blues for Wildfire Victims @BluesOnWhyte BluesOnWhyte #yegmusic #ymmfire Ἳ8Ἳ6ἻC,other_relevant_information,rescue_volunteering_or_donation_effort,0.85,
729844101529538560,Thank you to the airlines for thinking of our pets! #AlbertaStrong #pets #FortMacFire,rescue_volunteering_or_donation_effort,sympathy_and_support,0.9,
735073612252753920,RT @MAWWORM1: Final wildfire simulation at the multi function technical rescue PPE evaluations @mawwfire,rescue_volunteering_or_donation_effort,not_humanitarian,0.9,
732484628531924992,Unbelievable how this monster wildfire is picking up momentum once again and threatening communities to the,other_relevant_information,caution_and_advice,0.9,
730024402050547712,"In the midst of tragedy, how wonderful it is to see the compassion extended toward wildfire victims and evacuees.",displaced_people_and_evacuations,sympathy_and_support,0.9,
729677236152848384,RT @NCPTweets: Syrian refugees pay it forward to Fort McMurray. #wildfire #FortMacFire #FortMcMurray #SyrianRefugee,rescue_volunteering_or_donation_effort,sympathy_and_support,0.85,
730769271270182912,RT @chintapuxley: ICYMI Red Cross pays out $50M in donations directly to evacuees like Carol Christian who lost everything in wildfire http,rescue_volunteering_or_donation_effort,displaced_people_and_evacuations,0.9,
729016246658686977,Health official warns Manitoba wildfire smoke could cause breathing problems: Forest fires popping up along t,other_relevant_information,caution_and_advice,0.9,
728690909592719360,Manitoba Wildfire Fight Hampered by Dry Weather Conditions: Wildfire crews are working to contain multiple wi,rescue_volunteering_or_donation_effort,infrastructure_and_utility_damage,0.85,
731109912781131776,"Bonnies Thoughts &amp; Jots: Horrible Wildfire, Alberta",other_relevant_information,not_humanitarian,0.9,
735967227472535552,RT @GlobalEdmonton: Nickelback headlining @fireaidbenefit concert for Fort McMurray wildfire relief. #fireaid4ymm #ymmfire #ymm #yeg :,other_relevant_information,rescue_volunteering_or_donation_effort,0.9,
728960080897572865,The science of how wildfires spread and how theyre stopped,other_relevant_information,not_humanitarian,0.9,
728700284952715264,#ymmfire #FortMacFire Alberta government has approved emergency funding for wildfire evacuees $1250 per adult and $500 per dependent.,rescue_volunteering_or_donation_effort,displaced_people_and_evacuations,0.95,
728712030291550208,"#OE955 Brothers in arms, thank you",other_relevant_information,not_humanitarian,0.9,
731534050947534849,"Homes &amp; properties that are made fire safe are more likely to survive when ash, embers descend as wildfire approaches #FireSmart #cdnpoli",other_relevant_information,caution_and_advice,0.95,
733981079468711936,RT @newswatchcanada: Fawcett: 43 tails and a happy ending: #FortMcMurray dogsledder saved team from wildfire  http,rescue_volunteering_or_donation_effort,not_humanitarian,0.9,
732293104280080384,Tait: Reporters share their stories from Fort McMurray: Countless stories from the Fort McMurray wildfire on social,other_relevant_information,not_humanitarian,0.9,
730018792412188673,"#ymmfire evacuees ask Premier Notley questions about evacuation call, pets, cash cards, and their return",other_relevant_information,displaced_people_and_evacuations,0.95,
728690215615750144,Siphon Creek wildfire puts Clear Hills County residents on evacuation preparedness alert,displaced_people_and_evacuations,caution_and_advice,0.95,
729155340416225280,RT @wildlandfireAZ: RT @PCIAA: In a wildfire evacuation pets have needs too-build a kit for your animals today #WildfirePrepDay,displaced_people_and_evacuations,caution_and_advice,0.95,
728619257907580929,#Canadian #grocers @LoblawsON @saveonfoods @sobeys &amp; @WalmartCanada providing support to those affected by #YMMFire,sympathy_and_support,rescue_volunteering_or_donation_effort,0.9,
728746186941718528,Last Logos supplies wildfire prevention materials because of this Nearly all the fires have been human-caused,rescue_volunteering_or_donation_effort,caution_and_advice,0.85,
732632763166281728,"RT @ThompsonToronto: Join us in our support for all those affected by the wildfire in Northern Alberta, this coming Tuesday night. /",rescue_volunteering_or_donation_effort,sympathy_and_support,0.9,
728680945922904064,RT @CTVToronto: Torontonians help bride-to-be who lost her wedding dress in the Fort McMurray wildfire,other_relevant_information,rescue_volunteering_or_donation_effort,0.9,
728967849914425344,#Sooke @FireChiefSooke says hes not seen the Fire Danger Rating at High so early in the spring/summer season. #drought #wildfire,other_relevant_information,caution_and_advice,0.9,
732992529340239872,"RT @wicary: Businesses grapple with growing wildfire risks, @smccarthy55 @j2nelson report (b/h paywall)  #cdnecon",other_relevant_information,not_humanitarian,0.9,
729084576245661696,RT @1SQ1: Think Fort McMurray wildfire damages are covered by home insurance?  #ymmfire #FortMcMurray,other_relevant_information,infrastructure_and_utility_damage,0.9,
728772823397838848,"HELP NEEDED, PLEASE SHARE!!!!!!! Help Cadets Of The World Support Fort McMurray Wildfire Victims Now!  via @donorbox",rescue_volunteering_or_donation_effort,requests_or_urgent_needs,0.95,
729911489490911232,DTN Thailand: Narathiwat forest fires under control: Fire fighters contained areas of wildfire in four distri,other_relevant_information,infrastructure_and_utility_damage,0.85,
735099042766540801,[The water bombers] saved us because otherwise the municipal office would have burned,other_relevant_information,infrastructure_and_utility_damage,0.9,
728639562935754752,RT @kaos911radio: Chad Morrison of Alberta Wildfire says the fire is about 5km away from Gregoire Lake area #ymm #ymmfire #rmwb,other_relevant_information,infrastructure_and_utility_damage,0.85,
735245360516337664,RT @Bewickwren: Wildfire contaminants could make #FortMcMurray water supply difficult to treat in the coming weeks and months.,caution_and_advice,infrastructure_and_utility_damage,0.9,
729121404545736704,RT @CBC: The science of fires and how we fight them: a Q&amp;A from @DrTorahKachur  #FortMacFire,other_relevant_information,not_humanitarian,0.9,
729287098197381120,"Australians have been helping us fight wildfires for years &amp; vice versa, seasonal overlaps bad sign #climatechange",rescue_volunteering_or_donation_effort,not_humanitarian,0.9,
730450605567836160,what about the money matched by the government? is $60 million the grand total or the money donated by canadians?,rescue_volunteering_or_donation_effort,not_humanitarian,0.9,
729789267954651136,"&gt;@CBCNorth Crews snuff out small wildfire near Whitehorse trailer park: Fires, sirens and bears: Crews put ou",other_relevant_information,infrastructure_and_utility_damage,0.85,
729138069249523712,"RT @Squamishtown: @Gervais1010 Forestry wildfire crews are en route, at which time #Squamish Fire Rescue may move into support role.",rescue_volunteering_or_donation_effort,other_relevant_information,0.9,
731512686547243010,"Video: Helicopter dumping water on wildfire in Gold Bar, Wash. - KIRO7Seattle",rescue_volunteering_or_donation_effort,other_relevant_information,0.9,
733346708776747008,RT @BlackburnSarnia: A Petrolia man is spearheading a gift card drive for displaced Fort McMurray families staying in Sarnia-Lambton.,displaced_people_and_evacuations,rescue_volunteering_or_donation_effort,0.95,
728623918819352577,Massive effort underway to rescue evacuees trapped by Canada wildfire: A massive effort is underway Friday morning,displaced_people_and_evacuations,rescue_volunteering_or_donation_effort,0.9,
735556905192427520,Who would you like to see at Fire Aid Fort McMurray? Well find out tomorrow,rescue_volunteering_or_donation_effort,not_humanitarian,0.9,
729367721733816320,"Please donate #redcrosscanada for wildfires burning in #FtMcMurray, AB. 80 000+ people had to desert their homes:",rescue_volunteering_or_donation_effort,displaced_people_and_evacuations,0.9,
728589311671676928,This has been going on since Sunday. Weve lost so many homes,other_relevant_information,infrastructure_and_utility_damage,0.9,
728976024877207552,RT @StephenLeahy: whoa! fires growing to 2000 sq km (half million acres) today but away from communities #ymmfire,other_relevant_information,infrastructure_and_utility_damage,0.85,
729487430353616896,I added a video to a @YouTube playlist  Canadian Wildfire State Of Emergency | City Evacuated,other_relevant_information,displaced_people_and_evacuations,0.9,
730723548575174656,Long lineups expected for wildfire relief cards outside McMahon Stadium  #ymmfire #yyc,rescue_volunteering_or_donation_effort,requests_or_urgent_needs,0.85,
729059042069499904,RT @StMattBuckhorn: Anglicans reach out to victims of Fort McMurray wildfire -  -- The Anglican Journal  :,other_relevant_information,sympathy_and_support,0.9,
733656302367342592,Satellite images of #FortMcMurray before the wildfires - and now. A vast expanse of scorched earth.,other_relevant_information,infrastructure_and_utility_damage,0.9,
731314105856843777,RT @SteveTVNews: SnoHawk10 helicopter helping out with fight to put wildfire out near Gold Bar. #komonews,rescue_volunteering_or_donation_effort,other_relevant_information,0.9,
729525654182572032,@OwenParker4 @TNorrisYEG CIFFC manage national Wildfire &amp; mutual aid requests. Effective  #ymmfire #ymm,rescue_volunteering_or_donation_effort,other_relevant_information,0.9,
729754045678657536,We have wildfires still out of control ! Refugees get $BILLIONS #AlbertaStrong gets a 41 sec speech #TrudeauSucks,not_humanitarian,displaced_people_and_evacuations,0.8,
729689581298143232,RT @Honesty_Radical: Wildfires produce WAY more emissions than any other man made source What you just tweeted does not make any sense h,other_relevant_information,not_humanitarian,0.9,
730068459090903040,Benefit show going on at UNBC for the people affected by wildfire in Fort McMurry Sat May 14 7pm #cityofpg,caution_and_advice,rescue_volunteering_or_donation_effort,0.9,
730451617225572352,"Red Cross says CA$50 million will be given to Fort McMurray wildfire victims: $600 per adult, $300 per child.",rescue_volunteering_or_donation_effort,requests_or_urgent_needs,0.9,
728837748887408640,What can communities do better to limit wildfire damage?:,other_relevant_information,caution_and_advice,0.9,
728703831962353664,ALBERTA WILDFIRES | Fort McMurray Solidarity: Alberta Teachers’ Association.,not_humanitarian,sympathy_and_support,0.9,
733774959831449600,Fort McMurray Fire: Alberta To Bring In Extra Firefighters: EDMONTON — A massive wildfire that destroyed part,rescue_volunteering_or_donation_effort,infrastructure_and_utility_damage,0.9,
729757647402983425,However yday provincial officials said they didnt turn anyone away who offered assistance. #ymmfire #abfire,other_relevant_information,rescue_volunteering_or_donation_effort,0.85,
730864162423758848,Could RCMP labour charge affect Wildfire Fighters not provided lung protection?   @IAFFCanada,other_relevant_information,not_humanitarian,0.9,
733055433976340480,RT @BBCNewshour: How a Syrian refugee lost her home in Canadas wildfire  #ymm,infrastructure_and_utility_damage,displaced_people_and_evacuations,0.9,
729225324106391553,RT @mzjacobson: Black and brown carbon particles from #wildfire smoke will flow to Arctic and contribute to #Arctic ice destruction,other_relevant_information,not_humanitarian,0.9,
732692453413801984,Workers forced to flee as resurgent wildfire threatens Alberta oil camps #Alberta oil.,other_relevant_information,displaced_people_and_evacuations,0.9,
728899991155040256,RT @annemariebenoit: Fort McMurray wildfires: Alberta bans off-highway vehicles in bid to prevent new fires,other_relevant_information,caution_and_advice,0.9,
733394064620457985,"Fires are going to get worse: @christyclarkbc confirms #ClimatecChange the cause of longer, drier wildfire season",other_relevant_information,caution_and_advice,0.9,
730747311832211456,#FortMacFire evacuees - financial assistance available whether you are in #Alberta or elsewhere:  #nlpoli #ymmfire,sympathy_and_support,displaced_people_and_evacuations,0.9,
729157854465232896,"More: Firefighting efforts deployed to Fort McMurray wildfire includes more than 500 firefighters, 15 helicopters, 14 air tankers and 88 ot",rescue_volunteering_or_donation_effort,infrastructure_and_utility_damage,0.85,
728609281302401024,Another wildfire in Fort St. John has sparked a state of emergency and an evacuation order:,caution_and_advice,displaced_people_and_evacuations,0.9,
729832508414566400,DTN USA: Firefighters Making Gains on Wildfire That Led to Evacuation of City: The blaze has already destroye,displaced_people_and_evacuations,infrastructure_and_utility_damage,0.9,
728664703887511552,Please give to Red Cross to assist wildfire evacuees: redcross.ca image via: @GlassBuffalo #ymmhelp #ymmfire #ymm,displaced_people_and_evacuations,rescue_volunteering_or_donation_effort,0.95,
731544870863536129,"RT @lmncalgary: @CMHACalgary Using CASE - Comfort, Assistance, Support &amp; Empowerment to help Fort McMurray wildfire evacuees",rescue_volunteering_or_donation_effort,displaced_people_and_evacuations,0.95,
729405081687232512,RT @_emilyfitzCBC: Fire crews are on scene at Buena Vista park for a small wildfire. They say its under control #cbc #yeg,rescue_volunteering_or_donation_effort,infrastructure_and_utility_damage,0.85,
732992163550797825,Strong roots never break. Great read! @ScottieUpshall reflects on the damage to his hometown.,infrastructure_and_utility_damage,not_humanitarian,0.9,
728823783050612736,RT @iNews880: Financial aid is coming for those displaced by the #ymmfire. The latest in our story here:  .,rescue_volunteering_or_donation_effort,displaced_people_and_evacuations,0.9,
729652797998825472,"RT @mattdpearce: For refugees, even fleeing a massive, rampaging wildfire is preferable to staying in Syria.  :",not_humanitarian,displaced_people_and_evacuations,0.9,
728759895173025793,RT @KiddeSafety: Pets should be included in a family’s wildfire evacuation plan. #NationalPetWeek,displaced_people_and_evacuations,caution_and_advice,0.9,
733124981232525312,Detailed new images of wildfire-damaged areas | Alberta.ca,other_relevant_information,infrastructure_and_utility_damage,0.9,
735614428444385280,Retweeted Global Edmonton (@GlobalEdmonton): Fort McMurray wildfire: temporary medical centre set up,rescue_volunteering_or_donation_effort,infrastructure_and_utility_damage,0.9,
730570354435883008,Homeless Man Pledges to Fort McMurray WILDFIRE VICTIMS  via @YouTube,rescue_volunteering_or_donation_effort,sympathy_and_support,0.85,
730195788249337856,"High winds fueling Man. fires, some relief may be en route",other_relevant_information,caution_and_advice,0.85,
732593266508496897,Premier @RachelNotley will provide Alberta wildfire and relief efforts update to media at 11 MT. #ymmfire #FortMacFire #ableg #cdnpoli,rescue_volunteering_or_donation_effort,other_relevant_information,0.9,
732786842530131969,"RT @justinCgio: After a week of (somewhat) good news out of Fort Mac, today wasnt that day. Fires derail recovery plans.",caution_and_advice,infrastructure_and_utility_damage,0.85,
735487054562353153,Mackenzie Tour Kicks Off Season; Fort McMurray Wildfire Relief; Nicklaus TV Feature on CBS -,other_relevant_information,not_humanitarian,0.9,
729149307580911616,".@Gervais1010 @Squamishtown we will post soon. Wildfire but no homes threatened, district says. Waterbombing underway.",caution_and_advice,infrastructure_and_utility_damage,0.85,
728568129832423424,Sun Life extends help to Alberta wildfire victims: Financial services firm reaches out to victims of Alberta,rescue_volunteering_or_donation_effort,sympathy_and_support,0.9,
729386324982038529,our heats go out to all effected! Please donate what you can as the people of that community try and hold on.,rescue_volunteering_or_donation_effort,sympathy_and_support,0.9,
733800539511619584,"Alberta to bring in 1,000 more firefighters to gain upper hand on blaze: A massive wildfire that destroyed pa",rescue_volunteering_or_donation_effort,infrastructure_and_utility_damage,0.9,
729829663099342849,"RT @steve_kee: (2/2) In fact, insurers routinely pay for damage resulting from natural disasters, including windstorms, rain, hail or wildf",caution_and_advice,infrastructure_and_utility_damage,0.9,
734860295571525632,"Quebecer fined for truck he used to flee Fort   This is what we pay police to do, harass refugees #canpoli",not_humanitarian,displaced_people_and_evacuations,0.85,
729415167465918465,"Thank you NBC for sharing. 88,000 evacuees need @redcrosscanada donations from our American neighbours. Plz help.",displaced_people_and_evacuations,requests_or_urgent_needs,0.95,
732055660045565953,RT @Kamscan: Water Bomber fighting wildfire north of Kamloops  via @YouTube,other_relevant_information,not_humanitarian,0.9,
733041789305655296,Wildfire Update – Fire Type Downgraded | foxinfocus.ca,caution_and_advice,other_relevant_information,0.9,
729746997603794944,Premier Notley to survey Fort McMurray wildfire damage; fire growth slows  via @NEWS1130. What a joke.,other_relevant_information,infrastructure_and_utility_damage,0.9,
728906035209998336,RT @lifeonqueen: Disobeying evacuation orders puts first responders at risk when they have to find/rescue you. Dont do that. /,displaced_people_and_evacuations,caution_and_advice,0.95,
729585399513784320,"Change in weather . Rain slows growth of Ft .Mac fire, still burning out of control",other_relevant_information,infrastructure_and_utility_damage,0.85,
729132239435501568,Another result of #WildJetStream(#MiniIceAge winters) conditions warned by  yrs ago #NOTCO2,caution_and_advice,not_humanitarian,0.9,
729347104456462336,RT @Trendsiana: Fort McMurray wildfire won’t be slowed by Sunday rain — fire crews fear it will take months to extinguish,other_relevant_information,caution_and_advice,0.85,
729180913607835649,"@markiplier would be nice to see charity stream for 88,000 victims of Fort McMurray, Alberta wildfire where thousands of homes were lost.",infrastructure_and_utility_damage,rescue_volunteering_or_donation_effort,0.9,
728604260120801280,.@JustinTrudeau urges Canadians to keep giving to Red Cross as wildfire burns  #ymm #ymmfire,other_relevant_information,rescue_volunteering_or_donation_effort,0.9,
735521212579864582,Fire Aid major benefit concert for Fort McMurray wildfire victims announced. #ymmfire #yeg #ymm,other_relevant_information,rescue_volunteering_or_donation_effort,0.9,
735507276065165312,‘Salu-salo’ solidarity with Filipino victims of Alberta wildfire,other_relevant_information,sympathy_and_support,0.9,
729409342735290373,"Yes, applauding destruction of personal property for your ends continues to be a smart way to go. #yymfire #Cdnpoli",infrastructure_and_utility_damage,not_humanitarian,0.9,
733426286056603648,"RT @WinnipegNews: Wildfire danger forces province to cancel burning permits for central, eastern Manitoba, fires permitted in approved fire",other_relevant_information,caution_and_advice,0.9,
728605376044777472,"Just Energy extending payment deadlines, waiving late fees and accommodating special payment plans for customers affected by AB wildfire.",other_relevant_information,requests_or_urgent_needs,0.9,
730823466228703233,"Chad Morrison of Alberta Wildfire: Have been some flareups in Fort McMurray and other communities, continue to mop them up. #ymm #ymmfire",rescue_volunteering_or_donation_effort,infrastructure_and_utility_damage,0.85,
